country_name,Year,Sex,Age,n
Australia,1998,Male,0 years,0.0
Australia,1998,Male,1 years,0.0
Australia,1998,Male,10-14 years,0.0
Australia,1998,Male,15-19 years,0.0
Australia,1998,Male,2 years,0.0
Australia,1998,Male,20-24 years,1.0
Australia,1998,Male,25-29 years,11.0
Australia,1998,Male,3 years,0.0
Australia,1998,Male,30-34 years,13.0
Australia,1998,Male,35-39 years,21.0
Australia,1998,Male,4 years,0.0
Australia,1998,Male,40-44 years,24.0
Australia,1998,Male,45-49 years,44.0
Australia,1998,Male,5-9 years,0.0
Australia,1998,Male,50-54 years,55.0
Australia,1998,Male,55-59 years,51.0
Australia,1998,Male,60-64 years,97.0
Australia,1998,Male,65-69 years,100.0
Australia,1998,Male,70-74 years,147.0
Australia,1998,Male,75-79 years,121.0
Australia,1998,Male,80-84 years,86.0
Australia,1998,Male,85-89 years,62.0
Australia,1998,Male,90-94 years,23.0
Australia,1998,Male,95+ years,9.0
Australia,1998,Male,All ages,865.0
Australia,1998,Male,Unspecified,0.0
Australia,1998,Female,0 years,0.0
Australia,1998,Female,1 years,0.0
Australia,1998,Female,10-14 years,0.0
Australia,1998,Female,15-19 years,1.0
Australia,1998,Female,2 years,0.0
Australia,1998,Female,20-24 years,0.0
Australia,1998,Female,25-29 years,5.0
Australia,1998,Female,3 years,0.0
Australia,1998,Female,30-34 years,12.0
Australia,1998,Female,35-39 years,13.0
Australia,1998,Female,4 years,0.0
Australia,1998,Female,40-44 years,17.0
Australia,1998,Female,45-49 years,20.0
Australia,1998,Female,5-9 years,0.0
Australia,1998,Female,50-54 years,24.0
Australia,1998,Female,55-59 years,22.0
Australia,1998,Female,60-64 years,28.0
Australia,1998,Female,65-69 years,33.0
Australia,1998,Female,70-74 years,56.0
Australia,1998,Female,75-79 years,45.0
Australia,1998,Female,80-84 years,81.0
Australia,1998,Female,85-89 years,58.0
Australia,1998,Female,90-94 years,28.0
Australia,1998,Female,95+ years,16.0
Australia,1998,Female,All ages,459.0
Australia,1998,Female,Unspecified,0.0
Australia,1999,Male,0 years,0.0
Australia,1999,Male,1 years,0.0
Australia,1999,Male,10-14 years,0.0
Australia,1999,Male,15-19 years,0.0
Australia,1999,Male,2 years,0.0
Australia,1999,Male,20-24 years,4.0
Australia,1999,Male,25-29 years,7.0
Australia,1999,Male,3 years,0.0
Australia,1999,Male,30-34 years,10.0
Australia,1999,Male,35-39 years,18.0
Australia,1999,Male,4 years,0.0
Australia,1999,Male,40-44 years,29.0
Australia,1999,Male,45-49 years,41.0
Australia,1999,Male,5-9 years,0.0
Australia,1999,Male,50-54 years,57.0
Australia,1999,Male,55-59 years,83.0
Australia,1999,Male,60-64 years,63.0
Australia,1999,Male,65-69 years,103.0
Australia,1999,Male,70-74 years,131.0
Australia,1999,Male,75-79 years,139.0
Australia,1999,Male,80-84 years,124.0
Australia,1999,Male,85-89 years,74.0
Australia,1999,Male,90-94 years,22.0
Australia,1999,Male,95+ years,6.0
Australia,1999,Male,All ages,911.0
Australia,1999,Male,Unspecified,0.0
Australia,1999,Female,0 years,0.0
Australia,1999,Female,1 years,0.0
Australia,1999,Female,10-14 years,0.0
Australia,1999,Female,15-19 years,1.0
Australia,1999,Female,2 years,0.0
Australia,1999,Female,20-24 years,3.0
Australia,1999,Female,25-29 years,5.0
Australia,1999,Female,3 years,0.0
Australia,1999,Female,30-34 years,10.0
Australia,1999,Female,35-39 years,16.0
Australia,1999,Female,4 years,0.0
Australia,1999,Female,40-44 years,16.0
Australia,1999,Female,45-49 years,25.0
Australia,1999,Female,5-9 years,0.0
Australia,1999,Female,50-54 years,29.0
Australia,1999,Female,55-59 years,24.0
Australia,1999,Female,60-64 years,35.0
Australia,1999,Female,65-69 years,46.0
Australia,1999,Female,70-74 years,54.0
Australia,1999,Female,75-79 years,53.0
Australia,1999,Female,80-84 years,50.0
Australia,1999,Female,85-89 years,60.0
Australia,1999,Female,90-94 years,38.0
Australia,1999,Female,95+ years,12.0
Australia,1999,Female,All ages,477.0
Australia,1999,Female,Unspecified,0.0
Australia,2000,Male,0 years,0.0
Australia,2000,Male,1 years,0.0
Australia,2000,Male,10-14 years,0.0
Australia,2000,Male,15-19 years,2.0
Australia,2000,Male,2 years,0.0
Australia,2000,Male,20-24 years,2.0
Australia,2000,Male,25-29 years,3.0
Australia,2000,Male,3 years,0.0
Australia,2000,Male,30-34 years,8.0
Australia,2000,Male,35-39 years,17.0
Australia,2000,Male,4 years,0.0
Australia,2000,Male,40-44 years,26.0
Australia,2000,Male,45-49 years,31.0
Australia,2000,Male,5-9 years,0.0
Australia,2000,Male,50-54 years,51.0
Australia,2000,Male,55-59 years,59.0
Australia,2000,Male,60-64 years,76.0
Australia,2000,Male,65-69 years,86.0
Australia,2000,Male,70-74 years,147.0
Australia,2000,Male,75-79 years,145.0
Australia,2000,Male,80-84 years,119.0
Australia,2000,Male,85-89 years,51.0
Australia,2000,Male,90-94 years,31.0
Australia,2000,Male,95+ years,4.0
Australia,2000,Male,All ages,858.0
Australia,2000,Male,Unspecified,0.0
Australia,2000,Female,0 years,0.0
Australia,2000,Female,1 years,0.0
Australia,2000,Female,10-14 years,0.0
Australia,2000,Female,15-19 years,0.0
Australia,2000,Female,2 years,0.0
Australia,2000,Female,20-24 years,4.0
Australia,2000,Female,25-29 years,4.0
Australia,2000,Female,3 years,0.0
Australia,2000,Female,30-34 years,9.0
Australia,2000,Female,35-39 years,21.0
Australia,2000,Female,4 years,0.0
Australia,2000,Female,40-44 years,21.0
Australia,2000,Female,45-49 years,26.0
Australia,2000,Female,5-9 years,0.0
Australia,2000,Female,50-54 years,22.0
Australia,2000,Female,55-59 years,30.0
Australia,2000,Female,60-64 years,33.0
Australia,2000,Female,65-69 years,31.0
Australia,2000,Female,70-74 years,52.0
Australia,2000,Female,75-79 years,64.0
Australia,2000,Female,80-84 years,65.0
Australia,2000,Female,85-89 years,46.0
Australia,2000,Female,90-94 years,36.0
Australia,2000,Female,95+ years,8.0
Australia,2000,Female,All ages,472.0
Australia,2000,Female,Unspecified,0.0
Australia,2001,Male,0 years,0.0
Australia,2001,Male,1 years,0.0
Australia,2001,Male,10-14 years,0.0
Australia,2001,Male,15-19 years,2.0
Australia,2001,Male,2 years,0.0
Australia,2001,Male,20-24 years,7.0
Australia,2001,Male,25-29 years,7.0
Australia,2001,Male,3 years,0.0
Australia,2001,Male,30-34 years,7.0
Australia,2001,Male,35-39 years,24.0
Australia,2001,Male,4 years,0.0
Australia,2001,Male,40-44 years,32.0
Australia,2001,Male,45-49 years,38.0
Australia,2001,Male,5-9 years,0.0
Australia,2001,Male,50-54 years,50.0
Australia,2001,Male,55-59 years,68.0
Australia,2001,Male,60-64 years,87.0
Australia,2001,Male,65-69 years,102.0
Australia,2001,Male,70-74 years,151.0
Australia,2001,Male,75-79 years,171.0
Australia,2001,Male,80-84 years,91.0
Australia,2001,Male,85-89 years,69.0
Australia,2001,Male,90-94 years,35.0
Australia,2001,Male,95+ years,7.0
Australia,2001,Male,All ages,948.0
Australia,2001,Male,Unspecified,0.0
Australia,2001,Female,0 years,0.0
Australia,2001,Female,1 years,0.0
Australia,2001,Female,10-14 years,0.0
Australia,2001,Female,15-19 years,1.0
Australia,2001,Female,2 years,0.0
Australia,2001,Female,20-24 years,4.0
Australia,2001,Female,25-29 years,8.0
Australia,2001,Female,3 years,0.0
Australia,2001,Female,30-34 years,10.0
Australia,2001,Female,35-39 years,7.0
Australia,2001,Female,4 years,0.0
Australia,2001,Female,40-44 years,18.0
Australia,2001,Female,45-49 years,21.0
Australia,2001,Female,5-9 years,0.0
Australia,2001,Female,50-54 years,29.0
Australia,2001,Female,55-59 years,36.0
Australia,2001,Female,60-64 years,33.0
Australia,2001,Female,65-69 years,45.0
Australia,2001,Female,70-74 years,53.0
Australia,2001,Female,75-79 years,68.0
Australia,2001,Female,80-84 years,77.0
Australia,2001,Female,85-89 years,54.0
Australia,2001,Female,90-94 years,37.0
Australia,2001,Female,95+ years,12.0
Australia,2001,Female,All ages,513.0
Australia,2001,Female,Unspecified,0.0
Australia,2002,Male,0 years,0.0
Australia,2002,Male,1 years,0.0
Australia,2002,Male,10-14 years,0.0
Australia,2002,Male,15-19 years,1.0
Australia,2002,Male,2 years,0.0
Australia,2002,Male,20-24 years,5.0
Australia,2002,Male,25-29 years,5.0
Australia,2002,Male,3 years,0.0
Australia,2002,Male,30-34 years,11.0
Australia,2002,Male,35-39 years,16.0
Australia,2002,Male,4 years,0.0
Australia,2002,Male,40-44 years,36.0
Australia,2002,Male,45-49 years,40.0
Australia,2002,Male,5-9 years,0.0
Australia,2002,Male,50-54 years,51.0
Australia,2002,Male,55-59 years,86.0
Australia,2002,Male,60-64 years,86.0
Australia,2002,Male,65-69 years,106.0
Australia,2002,Male,70-74 years,140.0
Australia,2002,Male,75-79 years,151.0
Australia,2002,Male,80-84 years,130.0
Australia,2002,Male,85-89 years,99.0
Australia,2002,Male,90-94 years,32.0
Australia,2002,Male,95+ years,5.0
Australia,2002,Male,All ages,1001.0
Australia,2002,Male,Unspecified,1.0
Australia,2002,Female,0 years,0.0
Australia,2002,Female,1 years,0.0
Australia,2002,Female,10-14 years,0.0
Australia,2002,Female,15-19 years,0.0
Australia,2002,Female,2 years,0.0
Australia,2002,Female,20-24 years,2.0
Australia,2002,Female,25-29 years,2.0
Australia,2002,Female,3 years,0.0
Australia,2002,Female,30-34 years,8.0
Australia,2002,Female,35-39 years,9.0
Australia,2002,Female,4 years,0.0
Australia,2002,Female,40-44 years,20.0
Australia,2002,Female,45-49 years,18.0
Australia,2002,Female,5-9 years,0.0
Australia,2002,Female,50-54 years,25.0
Australia,2002,Female,55-59 years,26.0
Australia,2002,Female,60-64 years,21.0
Australia,2002,Female,65-69 years,29.0
Australia,2002,Female,70-74 years,56.0
Australia,2002,Female,75-79 years,65.0
Australia,2002,Female,80-84 years,79.0
Australia,2002,Female,85-89 years,53.0
Australia,2002,Female,90-94 years,36.0
Australia,2002,Female,95+ years,16.0
Australia,2002,Female,All ages,466.0
Australia,2002,Female,Unspecified,1.0
Australia,2003,Male,0 years,0.0
Australia,2003,Male,1 years,0.0
Australia,2003,Male,10-14 years,0.0
Australia,2003,Male,15-19 years,2.0
Australia,2003,Male,2 years,0.0
Australia,2003,Male,20-24 years,2.0
Australia,2003,Male,25-29 years,6.0
Australia,2003,Male,3 years,0.0
Australia,2003,Male,30-34 years,5.0
Australia,2003,Male,35-39 years,19.0
Australia,2003,Male,4 years,0.0
Australia,2003,Male,40-44 years,32.0
Australia,2003,Male,45-49 years,49.0
Australia,2003,Male,5-9 years,0.0
Australia,2003,Male,50-54 years,60.0
Australia,2003,Male,55-59 years,83.0
Australia,2003,Male,60-64 years,85.0
Australia,2003,Male,65-69 years,123.0
Australia,2003,Male,70-74 years,126.0
Australia,2003,Male,75-79 years,149.0
Australia,2003,Male,80-84 years,149.0
Australia,2003,Male,85-89 years,99.0
Australia,2003,Male,90-94 years,30.0
Australia,2003,Male,95+ years,3.0
Australia,2003,Male,All ages,1022.0
Australia,2003,Male,Unspecified,0.0
Australia,2003,Female,0 years,0.0
Australia,2003,Female,1 years,0.0
Australia,2003,Female,10-14 years,0.0
Australia,2003,Female,15-19 years,0.0
Australia,2003,Female,2 years,0.0
Australia,2003,Female,20-24 years,1.0
Australia,2003,Female,25-29 years,4.0
Australia,2003,Female,3 years,0.0
Australia,2003,Female,30-34 years,6.0
Australia,2003,Female,35-39 years,9.0
Australia,2003,Female,4 years,0.0
Australia,2003,Female,40-44 years,16.0
Australia,2003,Female,45-49 years,30.0
Australia,2003,Female,5-9 years,0.0
Australia,2003,Female,50-54 years,26.0
Australia,2003,Female,55-59 years,24.0
Australia,2003,Female,60-64 years,40.0
Australia,2003,Female,65-69 years,48.0
Australia,2003,Female,70-74 years,42.0
Australia,2003,Female,75-79 years,71.0
Australia,2003,Female,80-84 years,78.0
Australia,2003,Female,85-89 years,58.0
Australia,2003,Female,90-94 years,39.0
Australia,2003,Female,95+ years,21.0
Australia,2003,Female,All ages,513.0
Australia,2003,Female,Unspecified,0.0
Australia,2004,Male,0 years,0.0
Australia,2004,Male,1 years,0.0
Australia,2004,Male,10-14 years,0.0
Australia,2004,Male,15-19 years,0.0
Australia,2004,Male,2 years,0.0
Australia,2004,Male,20-24 years,6.0
Australia,2004,Male,25-29 years,5.0
Australia,2004,Male,3 years,0.0
Australia,2004,Male,30-34 years,13.0
Australia,2004,Male,35-39 years,16.0
Australia,2004,Male,4 years,0.0
Australia,2004,Male,40-44 years,27.0
Australia,2004,Male,45-49 years,46.0
Australia,2004,Male,5-9 years,0.0
Australia,2004,Male,50-54 years,82.0
Australia,2004,Male,55-59 years,90.0
Australia,2004,Male,60-64 years,82.0
Australia,2004,Male,65-69 years,109.0
Australia,2004,Male,70-74 years,117.0
Australia,2004,Male,75-79 years,174.0
Australia,2004,Male,80-84 years,158.0
Australia,2004,Male,85-89 years,99.0
Australia,2004,Male,90-94 years,39.0
Australia,2004,Male,95+ years,3.0
Australia,2004,Male,All ages,1066.0
Australia,2004,Male,Unspecified,0.0
Australia,2004,Female,0 years,0.0
Australia,2004,Female,1 years,0.0
Australia,2004,Female,10-14 years,1.0
Australia,2004,Female,15-19 years,0.0
Australia,2004,Female,2 years,0.0
Australia,2004,Female,20-24 years,3.0
Australia,2004,Female,25-29 years,3.0
Australia,2004,Female,3 years,0.0
Australia,2004,Female,30-34 years,10.0
Australia,2004,Female,35-39 years,10.0
Australia,2004,Female,4 years,0.0
Australia,2004,Female,40-44 years,16.0
Australia,2004,Female,45-49 years,27.0
Australia,2004,Female,5-9 years,0.0
Australia,2004,Female,50-54 years,20.0
Australia,2004,Female,55-59 years,31.0
Australia,2004,Female,60-64 years,35.0
Australia,2004,Female,65-69 years,38.0
Australia,2004,Female,70-74 years,48.0
Australia,2004,Female,75-79 years,61.0
Australia,2004,Female,80-84 years,75.0
Australia,2004,Female,85-89 years,57.0
Australia,2004,Female,90-94 years,43.0
Australia,2004,Female,95+ years,15.0
Australia,2004,Female,All ages,494.0
Australia,2004,Female,Unspecified,1.0
Australia,2006,Male,0 years,0.0
Australia,2006,Male,1 years,0.0
Australia,2006,Male,10-14 years,0.0
Australia,2006,Male,15-19 years,2.0
Australia,2006,Male,2 years,0.0
Australia,2006,Male,20-24 years,2.0
Australia,2006,Male,25-29 years,7.0
Australia,2006,Male,3 years,0.0
Australia,2006,Male,30-34 years,8.0
Australia,2006,Male,35-39 years,17.0
Australia,2006,Male,4 years,0.0
Australia,2006,Male,40-44 years,31.0
Australia,2006,Male,45-49 years,39.0
Australia,2006,Male,5-9 years,1.0
Australia,2006,Male,50-54 years,39.0
Australia,2006,Male,55-59 years,74.0
Australia,2006,Male,60-64 years,95.0
Australia,2006,Male,65-69 years,107.0
Australia,2006,Male,70-74 years,133.0
Australia,2006,Male,75-79 years,181.0
Australia,2006,Male,80-84 years,154.0
Australia,2006,Male,85-89 years,105.0
Australia,2006,Male,90-94 years,52.0
Australia,2006,Male,95+ years,15.0
Australia,2006,Male,All ages,1062.0
Australia,2006,Male,Unspecified,0.0
Australia,2006,Female,0 years,0.0
Australia,2006,Female,1 years,0.0
Australia,2006,Female,10-14 years,0.0
Australia,2006,Female,15-19 years,0.0
Australia,2006,Female,2 years,0.0
Australia,2006,Female,20-24 years,2.0
Australia,2006,Female,25-29 years,5.0
Australia,2006,Female,3 years,0.0
Australia,2006,Female,30-34 years,11.0
Australia,2006,Female,35-39 years,7.0
Australia,2006,Female,4 years,0.0
Australia,2006,Female,40-44 years,9.0
Australia,2006,Female,45-49 years,29.0
Australia,2006,Female,5-9 years,0.0
Australia,2006,Female,50-54 years,42.0
Australia,2006,Female,55-59 years,48.0
Australia,2006,Female,60-64 years,37.0
Australia,2006,Female,65-69 years,45.0
Australia,2006,Female,70-74 years,53.0
Australia,2006,Female,75-79 years,85.0
Australia,2006,Female,80-84 years,81.0
Australia,2006,Female,85-89 years,56.0
Australia,2006,Female,90-94 years,52.0
Australia,2006,Female,95+ years,24.0
Australia,2006,Female,All ages,586.0
Australia,2006,Female,Unspecified,0.0
Australia,2007,Male,0 years,0.0
Australia,2007,Male,1 years,0.0
Australia,2007,Male,10-14 years,0.0
Australia,2007,Male,15-19 years,0.0
Australia,2007,Male,2 years,0.0
Australia,2007,Male,20-24 years,3.0
Australia,2007,Male,25-29 years,6.0
Australia,2007,Male,3 years,0.0
Australia,2007,Male,30-34 years,5.0
Australia,2007,Male,35-39 years,19.0
Australia,2007,Male,4 years,0.0
Australia,2007,Male,40-44 years,22.0
Australia,2007,Male,45-49 years,55.0
Australia,2007,Male,5-9 years,0.0
Australia,2007,Male,50-54 years,53.0
Australia,2007,Male,55-59 years,94.0
Australia,2007,Male,60-64 years,122.0
Australia,2007,Male,65-69 years,103.0
Australia,2007,Male,70-74 years,133.0
Australia,2007,Male,75-79 years,193.0
Australia,2007,Male,80-84 years,180.0
Australia,2007,Male,85-89 years,119.0
Australia,2007,Male,90-94 years,48.0
Australia,2007,Male,95+ years,15.0
Australia,2007,Male,All ages,1170.0
Australia,2007,Male,Unspecified,0.0
Australia,2007,Female,0 years,0.0
Australia,2007,Female,1 years,0.0
Australia,2007,Female,10-14 years,0.0
Australia,2007,Female,15-19 years,1.0
Australia,2007,Female,2 years,0.0
Australia,2007,Female,20-24 years,3.0
Australia,2007,Female,25-29 years,14.0
Australia,2007,Female,3 years,0.0
Australia,2007,Female,30-34 years,8.0
Australia,2007,Female,35-39 years,12.0
Australia,2007,Female,4 years,0.0
Australia,2007,Female,40-44 years,17.0
Australia,2007,Female,45-49 years,25.0
Australia,2007,Female,5-9 years,0.0
Australia,2007,Female,50-54 years,27.0
Australia,2007,Female,55-59 years,28.0
Australia,2007,Female,60-64 years,44.0
Australia,2007,Female,65-69 years,39.0
Australia,2007,Female,70-74 years,51.0
Australia,2007,Female,75-79 years,64.0
Australia,2007,Female,80-84 years,73.0
Australia,2007,Female,85-89 years,78.0
Australia,2007,Female,90-94 years,47.0
Australia,2007,Female,95+ years,27.0
Australia,2007,Female,All ages,558.0
Australia,2007,Female,Unspecified,0.0
Australia,2008,Male,0 years,0.0
Australia,2008,Male,1 years,0.0
Australia,2008,Male,10-14 years,0.0
Australia,2008,Male,15-19 years,1.0
Australia,2008,Male,2 years,0.0
Australia,2008,Male,20-24 years,4.0
Australia,2008,Male,25-29 years,6.0
Australia,2008,Male,3 years,0.0
Australia,2008,Male,30-34 years,13.0
Australia,2008,Male,35-39 years,21.0
Australia,2008,Male,4 years,0.0
Australia,2008,Male,40-44 years,29.0
Australia,2008,Male,45-49 years,36.0
Australia,2008,Male,5-9 years,0.0
Australia,2008,Male,50-54 years,57.0
Australia,2008,Male,55-59 years,108.0
Australia,2008,Male,60-64 years,103.0
Australia,2008,Male,65-69 years,143.0
Australia,2008,Male,70-74 years,148.0
Australia,2008,Male,75-79 years,183.0
Australia,2008,Male,80-84 years,195.0
Australia,2008,Male,85-89 years,133.0
Australia,2008,Male,90-94 years,49.0
Australia,2008,Male,95+ years,15.0
Australia,2008,Male,All ages,1244.0
Australia,2008,Male,Unspecified,0.0
Australia,2008,Female,0 years,0.0
Australia,2008,Female,1 years,0.0
Australia,2008,Female,10-14 years,0.0
Australia,2008,Female,15-19 years,0.0
Australia,2008,Female,2 years,0.0
Australia,2008,Female,20-24 years,2.0
Australia,2008,Female,25-29 years,6.0
Australia,2008,Female,3 years,0.0
Australia,2008,Female,30-34 years,5.0
Australia,2008,Female,35-39 years,15.0
Australia,2008,Female,4 years,0.0
Australia,2008,Female,40-44 years,23.0
Australia,2008,Female,45-49 years,30.0
Australia,2008,Female,5-9 years,0.0
Australia,2008,Female,50-54 years,27.0
Australia,2008,Female,55-59 years,30.0
Australia,2008,Female,60-64 years,45.0
Australia,2008,Female,65-69 years,51.0
Australia,2008,Female,70-74 years,46.0
Australia,2008,Female,75-79 years,62.0
Australia,2008,Female,80-84 years,86.0
Australia,2008,Female,85-89 years,101.0
Australia,2008,Female,90-94 years,52.0
Australia,2008,Female,95+ years,32.0
Australia,2008,Female,All ages,613.0
Australia,2008,Female,Unspecified,0.0
Australia,2009,Male,0 years,0.0
Australia,2009,Male,1 years,0.0
Australia,2009,Male,10-14 years,0.0
Australia,2009,Male,15-19 years,0.0
Australia,2009,Male,2 years,0.0
Australia,2009,Male,20-24 years,1.0
Australia,2009,Male,25-29 years,3.0
Australia,2009,Male,3 years,0.0
Australia,2009,Male,30-34 years,16.0
Australia,2009,Male,35-39 years,15.0
Australia,2009,Male,4 years,0.0
Australia,2009,Male,40-44 years,30.0
Australia,2009,Male,45-49 years,34.0
Australia,2009,Male,5-9 years,0.0
Australia,2009,Male,50-54 years,67.0
Australia,2009,Male,55-59 years,79.0
Australia,2009,Male,60-64 years,113.0
Australia,2009,Male,65-69 years,136.0
Australia,2009,Male,70-74 years,162.0
Australia,2009,Male,75-79 years,167.0
Australia,2009,Male,80-84 years,218.0
Australia,2009,Male,85-89 years,121.0
Australia,2009,Male,90-94 years,56.0
Australia,2009,Male,95+ years,20.0
Australia,2009,Male,All ages,1238.0
Australia,2009,Male,Unspecified,0.0
Australia,2009,Female,0 years,0.0
Australia,2009,Female,1 years,0.0
Australia,2009,Female,10-14 years,0.0
Australia,2009,Female,15-19 years,0.0
Australia,2009,Female,2 years,0.0
Australia,2009,Female,20-24 years,4.0
Australia,2009,Female,25-29 years,8.0
Australia,2009,Female,3 years,0.0
Australia,2009,Female,30-34 years,5.0
Australia,2009,Female,35-39 years,18.0
Australia,2009,Female,4 years,0.0
Australia,2009,Female,40-44 years,21.0
Australia,2009,Female,45-49 years,26.0
Australia,2009,Female,5-9 years,0.0
Australia,2009,Female,50-54 years,32.0
Australia,2009,Female,55-59 years,36.0
Australia,2009,Female,60-64 years,41.0
Australia,2009,Female,65-69 years,57.0
Australia,2009,Female,70-74 years,54.0
Australia,2009,Female,75-79 years,58.0
Australia,2009,Female,80-84 years,68.0
Australia,2009,Female,85-89 years,88.0
Australia,2009,Female,90-94 years,55.0
Australia,2009,Female,95+ years,28.0
Australia,2009,Female,All ages,599.0
Australia,2009,Female,Unspecified,0.0
Australia,2010,Male,0 years,0.0
Australia,2010,Male,1 years,1.0
Australia,2010,Male,10-14 years,0.0
Australia,2010,Male,15-19 years,1.0
Australia,2010,Male,2 years,0.0
Australia,2010,Male,20-24 years,0.0
Australia,2010,Male,25-29 years,6.0
Australia,2010,Male,3 years,0.0
Australia,2010,Male,30-34 years,11.0
Australia,2010,Male,35-39 years,22.0
Australia,2010,Male,4 years,0.0
Australia,2010,Male,40-44 years,20.0
Australia,2010,Male,45-49 years,43.0
Australia,2010,Male,5-9 years,1.0
Australia,2010,Male,50-54 years,63.0
Australia,2010,Male,55-59 years,95.0
Australia,2010,Male,60-64 years,133.0
Australia,2010,Male,65-69 years,139.0
Australia,2010,Male,70-74 years,147.0
Australia,2010,Male,75-79 years,171.0
Australia,2010,Male,80-84 years,202.0
Australia,2010,Male,85-89 years,167.0
Australia,2010,Male,90-94 years,56.0
Australia,2010,Male,95+ years,18.0
Australia,2010,Male,All ages,1297.0
Australia,2010,Male,Unspecified,1.0
Australia,2010,Female,0 years,0.0
Australia,2010,Female,1 years,0.0
Australia,2010,Female,10-14 years,0.0
Australia,2010,Female,15-19 years,0.0
Australia,2010,Female,2 years,0.0
Australia,2010,Female,20-24 years,2.0
Australia,2010,Female,25-29 years,5.0
Australia,2010,Female,3 years,0.0
Australia,2010,Female,30-34 years,3.0
Australia,2010,Female,35-39 years,9.0
Australia,2010,Female,4 years,0.0
Australia,2010,Female,40-44 years,22.0
Australia,2010,Female,45-49 years,14.0
Australia,2010,Female,5-9 years,0.0
Australia,2010,Female,50-54 years,36.0
Australia,2010,Female,55-59 years,47.0
Australia,2010,Female,60-64 years,53.0
Australia,2010,Female,65-69 years,49.0
Australia,2010,Female,70-74 years,62.0
Australia,2010,Female,75-79 years,65.0
Australia,2010,Female,80-84 years,78.0
Australia,2010,Female,85-89 years,80.0
Australia,2010,Female,90-94 years,47.0
Australia,2010,Female,95+ years,28.0
Australia,2010,Female,All ages,600.0
Australia,2010,Female,Unspecified,0.0
Australia,2011,Male,0 years,0.0
Australia,2011,Male,1 years,0.0
Australia,2011,Male,10-14 years,0.0
Australia,2011,Male,15-19 years,0.0
Australia,2011,Male,2 years,0.0
Australia,2011,Male,20-24 years,1.0
Australia,2011,Male,25-29 years,9.0
Australia,2011,Male,3 years,0.0
Australia,2011,Male,30-34 years,10.0
Australia,2011,Male,35-39 years,14.0
Australia,2011,Male,4 years,0.0
Australia,2011,Male,40-44 years,36.0
Australia,2011,Male,45-49 years,38.0
Australia,2011,Male,5-9 years,0.0
Australia,2011,Male,50-54 years,63.0
Australia,2011,Male,55-59 years,92.0
Australia,2011,Male,60-64 years,150.0
Australia,2011,Male,65-69 years,143.0
Australia,2011,Male,70-74 years,185.0
Australia,2011,Male,75-79 years,203.0
Australia,2011,Male,80-84 years,205.0
Australia,2011,Male,85-89 years,167.0
Australia,2011,Male,90-94 years,83.0
Australia,2011,Male,95+ years,27.0
Australia,2011,Male,All ages,1426.0
Australia,2011,Male,Unspecified,0.0
Australia,2011,Female,0 years,0.0
Australia,2011,Female,1 years,0.0
Australia,2011,Female,10-14 years,0.0
Australia,2011,Female,15-19 years,0.0
Australia,2011,Female,2 years,0.0
Australia,2011,Female,20-24 years,2.0
Australia,2011,Female,25-29 years,4.0
Australia,2011,Female,3 years,0.0
Australia,2011,Female,30-34 years,8.0
Australia,2011,Female,35-39 years,20.0
Australia,2011,Female,4 years,0.0
Australia,2011,Female,40-44 years,19.0
Australia,2011,Female,45-49 years,20.0
Australia,2011,Female,5-9 years,0.0
Australia,2011,Female,50-54 years,31.0
Australia,2011,Female,55-59 years,40.0
Australia,2011,Female,60-64 years,51.0
Australia,2011,Female,65-69 years,37.0
Australia,2011,Female,70-74 years,54.0
Australia,2011,Female,75-79 years,65.0
Australia,2011,Female,80-84 years,93.0
Australia,2011,Female,85-89 years,103.0
Australia,2011,Female,90-94 years,67.0
Australia,2011,Female,95+ years,47.0
Australia,2011,Female,All ages,661.0
Australia,2011,Female,Unspecified,0.0
Australia,2012,Male,0 years,0.0
Australia,2012,Male,1 years,0.0
Australia,2012,Male,10-14 years,0.0
Australia,2012,Male,15-19 years,1.0
Australia,2012,Male,2 years,0.0
Australia,2012,Male,20-24 years,1.0
Australia,2012,Male,25-29 years,11.0
Australia,2012,Male,3 years,0.0
Australia,2012,Male,30-34 years,8.0
Australia,2012,Male,35-39 years,17.0
Australia,2012,Male,4 years,0.0
Australia,2012,Male,40-44 years,19.0
Australia,2012,Male,45-49 years,41.0
Australia,2012,Male,5-9 years,0.0
Australia,2012,Male,50-54 years,58.0
Australia,2012,Male,55-59 years,80.0
Australia,2012,Male,60-64 years,130.0
Australia,2012,Male,65-69 years,157.0
Australia,2012,Male,70-74 years,190.0
Australia,2012,Male,75-79 years,196.0
Australia,2012,Male,80-84 years,202.0
Australia,2012,Male,85-89 years,182.0
Australia,2012,Male,90-94 years,79.0
Australia,2012,Male,95+ years,29.0
Australia,2012,Male,All ages,1401.0
Australia,2012,Male,Unspecified,0.0
Australia,2012,Female,0 years,0.0
Australia,2012,Female,1 years,0.0
Australia,2012,Female,10-14 years,0.0
Australia,2012,Female,15-19 years,0.0
Australia,2012,Female,2 years,0.0
Australia,2012,Female,20-24 years,3.0
Australia,2012,Female,25-29 years,7.0
Australia,2012,Female,3 years,0.0
Australia,2012,Female,30-34 years,6.0
Australia,2012,Female,35-39 years,7.0
Australia,2012,Female,4 years,0.0
Australia,2012,Female,40-44 years,19.0
Australia,2012,Female,45-49 years,18.0
Australia,2012,Female,5-9 years,0.0
Australia,2012,Female,50-54 years,21.0
Australia,2012,Female,55-59 years,42.0
Australia,2012,Female,60-64 years,44.0
Australia,2012,Female,65-69 years,46.0
Australia,2012,Female,70-74 years,66.0
Australia,2012,Female,75-79 years,75.0
Australia,2012,Female,80-84 years,81.0
Australia,2012,Female,85-89 years,94.0
Australia,2012,Female,90-94 years,73.0
Australia,2012,Female,95+ years,33.0
Australia,2012,Female,All ages,635.0
Australia,2012,Female,Unspecified,0.0
Australia,2013,Male,0 years,0.0
Australia,2013,Male,1 years,0.0
Australia,2013,Male,10-14 years,0.0
Australia,2013,Male,15-19 years,0.0
Australia,2013,Male,2 years,0.0
Australia,2013,Male,20-24 years,0.0
Australia,2013,Male,25-29 years,6.0
Australia,2013,Male,3 years,0.0
Australia,2013,Male,30-34 years,7.0
Australia,2013,Male,35-39 years,14.0
Australia,2013,Male,4 years,0.0
Australia,2013,Male,40-44 years,29.0
Australia,2013,Male,45-49 years,41.0
Australia,2013,Male,5-9 years,0.0
Australia,2013,Male,50-54 years,77.0
Australia,2013,Male,55-59 years,94.0
Australia,2013,Male,60-64 years,144.0
Australia,2013,Male,65-69 years,192.0
Australia,2013,Male,70-74 years,178.0
Australia,2013,Male,75-79 years,202.0
Australia,2013,Male,80-84 years,249.0
Australia,2013,Male,85-89 years,181.0
Australia,2013,Male,90-94 years,77.0
Australia,2013,Male,95+ years,32.0
Australia,2013,Male,All ages,1523.0
Australia,2013,Male,Unspecified,0.0
Australia,2013,Female,0 years,0.0
Australia,2013,Female,1 years,0.0
Australia,2013,Female,10-14 years,0.0
Australia,2013,Female,15-19 years,0.0
Australia,2013,Female,2 years,0.0
Australia,2013,Female,20-24 years,0.0
Australia,2013,Female,25-29 years,3.0
Australia,2013,Female,3 years,0.0
Australia,2013,Female,30-34 years,9.0
Australia,2013,Female,35-39 years,11.0
Australia,2013,Female,4 years,0.0
Australia,2013,Female,40-44 years,23.0
Australia,2013,Female,45-49 years,29.0
Australia,2013,Female,5-9 years,0.0
Australia,2013,Female,50-54 years,40.0
Australia,2013,Female,55-59 years,48.0
Australia,2013,Female,60-64 years,43.0
Australia,2013,Female,65-69 years,49.0
Australia,2013,Female,70-74 years,56.0
Australia,2013,Female,75-79 years,73.0
Australia,2013,Female,80-84 years,106.0
Australia,2013,Female,85-89 years,96.0
Australia,2013,Female,90-94 years,63.0
Australia,2013,Female,95+ years,36.0
Australia,2013,Female,All ages,685.0
Australia,2013,Female,Unspecified,0.0
Australia,2014,Male,0 years,0.0
Australia,2014,Male,1 years,0.0
Australia,2014,Male,10-14 years,0.0
Australia,2014,Male,15-19 years,0.0
Australia,2014,Male,2 years,0.0
Australia,2014,Male,20-24 years,2.0
Australia,2014,Male,25-29 years,7.0
Australia,2014,Male,3 years,0.0
Australia,2014,Male,30-34 years,6.0
Australia,2014,Male,35-39 years,15.0
Australia,2014,Male,4 years,0.0
Australia,2014,Male,40-44 years,21.0
Australia,2014,Male,45-49 years,29.0
Australia,2014,Male,5-9 years,0.0
Australia,2014,Male,50-54 years,63.0
Australia,2014,Male,55-59 years,81.0
Australia,2014,Male,60-64 years,134.0
Australia,2014,Male,65-69 years,147.0
Australia,2014,Male,70-74 years,172.0
Australia,2014,Male,75-79 years,205.0
Australia,2014,Male,80-84 years,223.0
Australia,2014,Male,85-89 years,171.0
Australia,2014,Male,90-94 years,81.0
Australia,2014,Male,95+ years,24.0
Australia,2014,Male,All ages,1381.0
Australia,2014,Male,Unspecified,0.0
Australia,2014,Female,0 years,0.0
Australia,2014,Female,1 years,0.0
Australia,2014,Female,10-14 years,0.0
Australia,2014,Female,15-19 years,0.0
Australia,2014,Female,2 years,0.0
Australia,2014,Female,20-24 years,1.0
Australia,2014,Female,25-29 years,5.0
Australia,2014,Female,3 years,0.0
Australia,2014,Female,30-34 years,6.0
Australia,2014,Female,35-39 years,7.0
Australia,2014,Female,4 years,0.0
Australia,2014,Female,40-44 years,14.0
Australia,2014,Female,45-49 years,32.0
Australia,2014,Female,5-9 years,0.0
Australia,2014,Female,50-54 years,29.0
Australia,2014,Female,55-59 years,42.0
Australia,2014,Female,60-64 years,56.0
Australia,2014,Female,65-69 years,59.0
Australia,2014,Female,70-74 years,77.0
Australia,2014,Female,75-79 years,63.0
Australia,2014,Female,80-84 years,97.0
Australia,2014,Female,85-89 years,98.0
Australia,2014,Female,90-94 years,64.0
Australia,2014,Female,95+ years,38.0
Australia,2014,Female,All ages,688.0
Australia,2014,Female,Unspecified,0.0
Australia,2015,Male,0 years,0.0
Australia,2015,Male,1 years,0.0
Australia,2015,Male,10-14 years,0.0
Australia,2015,Male,15-19 years,0.0
Australia,2015,Male,2 years,0.0
Australia,2015,Male,20-24 years,2.0
Australia,2015,Male,25-29 years,6.0
Australia,2015,Male,3 years,0.0
Australia,2015,Male,30-34 years,5.0
Australia,2015,Male,35-39 years,19.0
Australia,2015,Male,4 years,0.0
Australia,2015,Male,40-44 years,25.0
Australia,2015,Male,45-49 years,32.0
Australia,2015,Male,5-9 years,0.0
Australia,2015,Male,50-54 years,55.0
Australia,2015,Male,55-59 years,95.0
Australia,2015,Male,60-64 years,121.0
Australia,2015,Male,65-69 years,150.0
Australia,2015,Male,70-74 years,188.0
Australia,2015,Male,75-79 years,191.0
Australia,2015,Male,80-84 years,230.0
Australia,2015,Male,85-89 years,205.0
Australia,2015,Male,90-94 years,107.0
Australia,2015,Male,95+ years,28.0
Australia,2015,Male,All ages,1459.0
Australia,2015,Male,Unspecified,0.0
Australia,2015,Female,0 years,0.0
Australia,2015,Female,1 years,0.0
Australia,2015,Female,10-14 years,0.0
Australia,2015,Female,15-19 years,1.0
Australia,2015,Female,2 years,0.0
Australia,2015,Female,20-24 years,1.0
Australia,2015,Female,25-29 years,5.0
Australia,2015,Female,3 years,0.0
Australia,2015,Female,30-34 years,7.0
Australia,2015,Female,35-39 years,4.0
Australia,2015,Female,4 years,0.0
Australia,2015,Female,40-44 years,24.0
Australia,2015,Female,45-49 years,27.0
Australia,2015,Female,5-9 years,0.0
Australia,2015,Female,50-54 years,31.0
Australia,2015,Female,55-59 years,36.0
Australia,2015,Female,60-64 years,52.0
Australia,2015,Female,65-69 years,59.0
Australia,2015,Female,70-74 years,68.0
Australia,2015,Female,75-79 years,67.0
Australia,2015,Female,80-84 years,94.0
Australia,2015,Female,85-89 years,100.0
Australia,2015,Female,90-94 years,79.0
Australia,2015,Female,95+ years,50.0
Australia,2015,Female,All ages,705.0
Australia,2015,Female,Unspecified,0.0
Australia,2016,Male,0 years,0.0
Australia,2016,Male,1 years,0.0
Australia,2016,Male,10-14 years,0.0
Australia,2016,Male,15-19 years,1.0
Australia,2016,Male,2 years,0.0
Australia,2016,Male,20-24 years,1.0
Australia,2016,Male,25-29 years,2.0
Australia,2016,Male,3 years,0.0
Australia,2016,Male,30-34 years,8.0
Australia,2016,Male,35-39 years,15.0
Australia,2016,Male,4 years,0.0
Australia,2016,Male,40-44 years,25.0
Australia,2016,Male,45-49 years,29.0
Australia,2016,Male,5-9 years,0.0
Australia,2016,Male,50-54 years,51.0
Australia,2016,Male,55-59 years,77.0
Australia,2016,Male,60-64 years,89.0
Australia,2016,Male,65-69 years,170.0
Australia,2016,Male,70-74 years,158.0
Australia,2016,Male,75-79 years,178.0
Australia,2016,Male,80-84 years,194.0
Australia,2016,Male,85-89 years,204.0
Australia,2016,Male,90-94 years,86.0
Australia,2016,Male,95+ years,26.0
Australia,2016,Male,All ages,1314.0
Australia,2016,Male,Unspecified,0.0
Australia,2016,Female,0 years,0.0
Australia,2016,Female,1 years,0.0
Australia,2016,Female,10-14 years,0.0
Australia,2016,Female,15-19 years,1.0
Australia,2016,Female,2 years,0.0
Australia,2016,Female,20-24 years,0.0
Australia,2016,Female,25-29 years,3.0
Australia,2016,Female,3 years,0.0
Australia,2016,Female,30-34 years,4.0
Australia,2016,Female,35-39 years,4.0
Australia,2016,Female,4 years,0.0
Australia,2016,Female,40-44 years,11.0
Australia,2016,Female,45-49 years,13.0
Australia,2016,Female,5-9 years,0.0
Australia,2016,Female,50-54 years,27.0
Australia,2016,Female,55-59 years,31.0
Australia,2016,Female,60-64 years,38.0
Australia,2016,Female,65-69 years,58.0
Australia,2016,Female,70-74 years,57.0
Australia,2016,Female,75-79 years,79.0
Australia,2016,Female,80-84 years,94.0
Australia,2016,Female,85-89 years,96.0
Australia,2016,Female,90-94 years,80.0
Australia,2016,Female,95+ years,50.0
Australia,2016,Female,All ages,646.0
Australia,2016,Female,Unspecified,0.0
